ts	phase	decision	why	evidence	result
2026-10-10T16:00:00Z	frame	Branch cursor/guide-learner-experience-ade6 from origin/master 47ced07	The checked-out Python branch has no site or guide tree	git log -1 47ced07	Work continued on the guide that learners open
2026-10-10T16:02:00Z	frame	Treat the learner-experience review as the plan and implement it	The goal asks for the review to be built, so a second planning stop would delay the learner-facing fix	User goal plus the review items	Implementation started in this branch
2026-10-10T16:05:00Z	design	Keep one generic trace frame schema and leave the binary-search lab in place	The pilot validator and TRACE markers already cover binary search. A second bench would duplicate that path	site/src/data/binary-search-traces.json and bitsandbytes/search/binary_search.py	TraceBench serves the other rewritten lessons. Binary search storage key stays bitsandbytes.binary-search-trace.v1
2026-10-10T16:20:00Z	sequence	Mark 17 legacy inventory pages as reference and retarget prerequisites	Those pages repeat focused lessons and were sitting inside the numbered path	curriculumStages in site/src/lib/curriculum.ts	Learner prev/next counts 52 lessons. Stacks shows Python reference, not a lesson number
2026-10-10T16:40:00Z	lessons	Generate 18 critical-path lessons from scripts/build_guide_lessons.py	Hand-copied traces drift. The script asserts library results before it writes	python3 scripts/build_guide_lessons.py --check inside npm run build	Merge sort, BST insert, BFS, and the other listed lessons share one emitter
2026-10-10T16:48:00Z	lessons	Demonstrate chaining with integer keys 0 and 4	String hashes change across processes when PYTHONHASHSEED is unset	hash(i) == i for small ints and bucket hash(key) % 4	The lesson and the assert both expect bucket [(0, 1), (4, 2)]
2026-10-10T16:52:00Z	lessons	Recompute heapify frames for [3, 1, 4, 2]	The first draft named an array the sift does not produce	bitsandbytes heapsort _sift_down	Frames show [3, 2, 4, 1] then [4, 2, 3, 1]
2026-10-10T17:00:00Z	home	Hide review and progress tools until this browser has lesson state	Empty tools on a first visit compete with Start here	review-queue.tsx and local-progress-tools.tsx return null when storage is empty	A brand-new browser cannot import a file until some lesson has been opened
2026-10-10T17:05:00Z	home	Derive minutes from word count, one exercise, and a trace	Fixed 25 minute labels did not match the rewritten pages	lessons.ts metadata uses words/180 plus exercise and trace allowances	Merge sort shows About 7 min
2026-10-10T17:20:00Z	css	Delete unused light-theme rules and map paper text to --ink, --ink-muted, and --link	.lesson-nav-title had been using the dark-shell foreground color, and dead home/rail rules remained	site/scripts/check-contrast.mjs and globals.css line count	Paper selectors and badge token pairs pass 4.5:1. Live lab, code, and shell rules remain, so the file stays above 1000 lines
2026-10-10T17:30:00Z	verify	Record an agent walkthrough of merge sort and leave human recruitment open	The protocol needs 3 to 5 people. This environment cannot recruit them	docs/formative-learner-review-protocol.md agent section and the browser script	Next step, Check answer, hint, Start here, stacks reference, and the mobile pager title contrast passed. That row is not a participant
2026-10-10T17:45:00Z	verify	Drop the extra Correct prefix and force ink text on a selected practice option	The checkpoint component already prints Correct. The selected option was cream with the dark panel's light text	Browser session on merge sort after the token pass	Feedback reads one Correct. The selected option sets color to --ink
